"id";"id_rc_dec_geo";"id_projet";"dt_maj"
1 265,00;9,00;1 570,00;07/05/2026
1 266,00;21,00;1 570,00;07/05/2026
1 275,00;9,00;1 198,00;19/05/2026
1 098,00;908,00;1 366,00;20/04/2026
1 099,00;952,00;1 366,00;20/04/2026
1 276,00;10,00;1 198,00;19/05/2026
1 277,00;19,00;1 198,00;19/05/2026
1 169,00;2,00;1 539,00;05/05/2026
1 170,00;5,00;1 539,00;05/05/2026
1 171,00;14,00;1 539,00;05/05/2026
1 059,00;8,00;1 267,00;15/04/2026
1 060,00;17,00;1 267,00;15/04/2026
1 061,00;20,00;1 267,00;15/04/2026
1 062,00;3,00;1 267,00;15/04/2026
1 063,00;5,00;1 267,00;15/04/2026
1 108,00;1 016,00;1 426,00;20/04/2026
1 115,00;8,00;1 378,00;21/04/2026
1 079,00;20,00;1 283,00;15/04/2026
1 116,00;11,00;1 378,00;21/04/2026
1 138,00;993,00;1 474,00;28/04/2026
1 152,00;6,00;1 537,00;05/05/2026
1 267,00;875,00;1 585,00;11/05/2026
1 268,00;936,00;1 585,00;11/05/2026
1 172,00;5,00;1 549,00;06/05/2026
1 173,00;8,00;1 549,00;06/05/2026
1 113,00;933,00;1 415,00;21/04/2026
1 114,00;989,00;1 415,00;21/04/2026
1 174,00;11,00;1 549,00;06/05/2026
1 175,00;18,00;1 549,00;06/05/2026
1 176,00;19,00;1 549,00;06/05/2026
1 177,00;20,00;1 549,00;06/05/2026
1 178,00;25,00;1 549,00;06/05/2026
1 011,00;6,00;1 269,00;15/04/2026
1 012,00;15,00;1 269,00;15/04/2026
1 013,00;18,00;1 269,00;15/04/2026
1 014,00;22,00;1 269,00;15/04/2026
1 015,00;24,00;1 269,00;15/04/2026
1 180,00;6,00;1 562,00;06/05/2026
1 205,00;2,00;1 568,00;07/05/2026
1 206,00;3,00;1 568,00;07/05/2026
1 133,00;10,00;1 470,00;27/04/2026
1 134,00;13,00;1 470,00;27/04/2026
1 207,00;4,00;1 568,00;07/05/2026
1 208,00;5,00;1 568,00;07/05/2026
1 209,00;6,00;1 568,00;07/05/2026
1 210,00;7,00;1 568,00;07/05/2026
1 211,00;8,00;1 568,00;07/05/2026
1 212,00;9,00;1 568,00;07/05/2026
1 213,00;10,00;1 568,00;07/05/2026
1 214,00;11,00;1 568,00;07/05/2026
1 135,00;16,00;1 470,00;27/04/2026
1 215,00;12,00;1 568,00;07/05/2026
1 139,00;9,00;1 239,00;29/04/2026
1 140,00;10,00;1 239,00;29/04/2026
1 141,00;18,00;1 239,00;29/04/2026
1 142,00;7,00;1 239,00;29/04/2026
1 143,00;19,00;1 239,00;29/04/2026
1 216,00;13,00;1 568,00;07/05/2026
1 147,00;18,00;1 527,00;05/05/2026
1 217,00;14,00;1 568,00;07/05/2026
1 218,00;15,00;1 568,00;07/05/2026
1 219,00;16,00;1 568,00;07/05/2026
1 220,00;17,00;1 568,00;07/05/2026
1 221,00;18,00;1 568,00;07/05/2026
1 222,00;19,00;1 568,00;07/05/2026
1 223,00;20,00;1 568,00;07/05/2026
1 224,00;21,00;1 568,00;07/05/2026
1 225,00;22,00;1 568,00;07/05/2026
1 226,00;23,00;1 568,00;07/05/2026
1 227,00;24,00;1 568,00;07/05/2026
1 228,00;25,00;1 568,00;07/05/2026
1 234,00;5,00;1 541,00;07/05/2026
1 235,00;9,00;1 541,00;07/05/2026
1 236,00;12,00;1 541,00;07/05/2026
1 237,00;19,00;1 541,00;07/05/2026
1 238,00;20,00;1 541,00;07/05/2026
1 254,00;5,00;1 569,00;07/05/2026
1 255,00;9,00;1 569,00;07/05/2026
1 256,00;12,00;1 569,00;07/05/2026
1 257,00;19,00;1 569,00;07/05/2026
1 258,00;20,00;1 569,00;07/05/2026
1 261,00;9,00;1 571,00;07/05/2026
1 262,00;21,00;1 571,00;07/05/2026
