cn0_mean,cn0_std,agc_level,sv_count,pos_variance,delta_pseudorange
34.51844671524778,9.080349089436377,-36.36110973895168,9.331536215435879,3.667765112200185,4.0392335978217835
34.986797697464525,8.186800007883603,-36.764318409415765,8.97752581391033,2.8674813698933486,3.502566774725245
34.590999108907376,8.174919568222464,-38.54658023848326,6.090764568666911,3.119768483370665,3.8162681080041745
34.43596269375178,8.229951235971129,-38.44781087608132,7.368213131603802,3.5001188202136277,4.252903473978623
35.10549137516367,8.771028837532596,-36.260935563637766,7.0275325531487205,3.355478667933756,3.8256386224329137
35.49066786734578,8.460815565167248,-37.56624427424388,7.51196805260882,3.234879264510239,3.8233657731863033
34.94829451216817,8.103970220138656,-36.14731260807997,4.0,3.2839964317876857,4.052330330171793
35.88045554110945,9.925681271960698,-36.29771778373784,8.684723490036667,4.184810332002861,4.216144179266198
35.46968424406542,8.027798588843504,-36.671752011776356,8.218623221166302,3.0911085120863313,3.8505058116208177
34.17352123921293,8.19646499429467,-36.28604517668278,7.874069407309809,2.898468417622839,3.5362420502501766
35.1011463637016,8.66683109175175,-37.1750254244293,6.826265337014524,3.1806015162248675,3.669855201460954
33.659217240550504,8.573773331979586,-36.699637919399855,5.208342827998155,3.3400306027855446,3.8956366974707146
35.24441540136895,8.898459803567919,-36.559725789292685,9.028003106665574,3.7520856990675266,4.2165563276052485
35.71754063253859,9.299969020504351,-36.31024851174707,7.493002098896675,3.27230287214783,3.518616959834097
34.17376247936214,8.186561230670636,-37.19888934788377,7.283496362422513,3.072712070120879,3.7533611287350803
34.95702247923062,9.543335379753026,-37.21694591476396,6.7820012337891455,3.4776436475720374,3.6440547347315753
34.0945578039007,9.235041377901423,-36.53639761651726,8.401699394723298,3.3728999205925265,3.6522845784573907
34.999548877970376,9.344593513575704,-37.91688316309705,5.828517852827726,3.164333522940513,3.3862719853393415
34.58394258855089,8.516028938229875,-37.3076089031629,7.121210455605533,3.1284308772491443,3.6735794346647834
34.92595317093906,8.634062155953703,-38.97828643413514,6.992971952127256,3.30705195106779,3.830238758227353
34.4079689679618,8.541749157907445,-35.47394455040487,5.42411276880777,3.5644557370478895,4.172981050079336
34.51980191345437,8.778757962536124,-38.02097244205063,6.966793246636346,3.564375527650026,4.0602275889837856
34.3500598133055,7.941270936393192,-38.76793570601804,6.263733909006422,2.7680198556467,3.4856131692490693
35.25952697491145,8.80424939663746,-38.69526855782037,4.913310710142918,3.006034424843099,3.4142994926872143
34.73067150413421,8.893015479390554,-37.152169158188144,9.690887935288055,3.1678551969081066,3.5621833834086636
34.62727587037526,8.390252682335982,-37.411266075855174,7.218651109358685,3.17766056310812,3.787324033515768
35.475395542803675,9.143257587323523,-37.11885457748478,9.904349969061037,3.718710429845674,4.067161396613611
34.22589837817557,8.413558563484122,-38.21385059265175,6.557459706672393,2.784307539623365,3.30931022659972
34.029970367195126,10.360472428894354,-36.357590864700406,4.0,4.210690931277211,4.064188153750597
34.823766989211464,9.143648481879794,-37.834067232884586,7.512675048671799,3.2408740125354694,3.544399173872436
20.00726541423392,8.481273361946736,-49.754225464361845,6.189629307425681,2.9016240508817095,3.421212743714335
21.219611833834435,9.478942656120546,-51.995229751669406,7.966709248864419,3.408147007630172,3.595492800486069
20.90394919316222,9.834093745546324,-49.98253800410796,5.417334034655237,3.3557934886756,3.412407462757181
21.042489921086364,8.508136577863336,-49.168767797957024,8.22790371256676,3.5972004393640917,4.227953332017929
18.696976432610285,8.763925322000967,-51.333616071969395,6.768535245585536,2.9920924045559167,3.4141007535111747
19.78144925026414,8.53143882325669,-51.63492621984175,6.875067336531433,2.871861280914255,3.3662097805654603
19.768753813921663,8.319698747523654,-51.12204713818253,6.335400472848473,2.6728841486107755,3.2127174669712115
20.287828886931337,8.823487358801307,-51.922143620408924,6.0599932512009005,3.0163296607089323,3.418523241493835
21.04666492573994,9.301978084937524,-50.72887655016772,8.755829207559211,3.1707326582185296,3.4086649412266654
20.50199047281366,9.0812368111072,-50.808415126790145,8.088866178404855,3.1733907811689113,3.494447779720443
20.917640454617455,8.807904807831871,-51.30708122492914,8.903304278433401,3.214886433925676,3.650001338646442
22.010603202163352,8.821837294400177,-51.51892510264543,7.048345459437938,2.868194123659876,3.251243508515527
20.17983264310719,9.025661847290529,-50.87156615001569,7.655856545629263,3.0148709955177684,3.3403323174829795
20.399278338992893,9.212160514130725,-50.30707908980572,4.0,3.253809836911717,3.532081135495447
19.991935853844097,9.357893224923103,-50.20029056399513,8.2916120310375,3.373329609374894,3.604796003004847
19.24403489853114,9.20056880698279,-50.702612505366226,4.0,3.503469647827862,3.807883752979377
21.618074301180286,10.535608000700964,-50.98258282957777,4.0,3.3741765583913366,3.202640567271336
21.11312139685566,8.320489916183918,-52.73632067663558,6.012576158572852,2.8100901395502236,3.3773133167127662
21.780015637826644,9.383755072637774,-50.55554029331447,7.212392103706124,3.11876657716346,3.3235805421408706
20.970596026402582,8.9173337247182,-51.49485461498646,6.253263400996925,3.1797451857318997,3.565802608595748
21.069052358075346,9.510096865405039,-51.671128975865976,6.238452180865,3.5370636923574192,3.7192719931425997
21.20943063080857,8.507714997680097,-51.29286640454911,6.718400692270933,3.4175281754182176,4.0169753880449885
18.531564011661587,9.101628763348605,-51.38778049215714,9.587390655595993,3.015940688409186,3.3136274471598894
21.308689813546593,9.115053019189826,-50.19578890949088,5.547114838158773,3.35293225131312,3.678456114576872
20.828591382336818,8.809769491398045,-51.53140858396056,6.6255432209758816,3.2285762740823802,3.664768161340427
21.084321287311198,9.30260775215964,-50.68448276659375,8.476660928175523,3.0406813385193994,3.2686332902873305
21.4675317181431,8.130276412233787,-51.67885943567722,4.0,2.95412011213539,3.6334805390998355
19.658429012360962,8.572983571321783,-49.65786397879135,7.979884945999858,3.3326691387934333,3.887408754569212
19.25795983437309,9.23940127956363,-51.24366054691003,7.783288496200157,3.322054474602936,3.5955300284996756
20.52689248620372,10.306033073170976,-51.525055566072304,7.818100547197217,3.9135541646254164,3.797342912486198
